1,"Super8",2011
2,"The Age of Adaline",2015
3,"Paul",2011
4,"The Late Bloomer",2016
5,"The Lucky One",2012
6,"iBoy",2017
7,"Warm Bodies",2013
8,"Mute",2018
9,"The Babysitter",2017
10,"Hot Bot",2016
11,"The Princess Switch",2018
12,"The Holiday Calendar",2018
13,"The Christmas Chronicles",2018
14,"Christmas Inheritance",2017
15,"A Wish for Christmas",2016
16,"The Spirit of Christmas",2015
17,"Brain on Fire",2016
18,"Bird Box",2018
19,"How Sarah Got Her Wings",2015
20,"F.R.E.D.I",2018
21,"a Witches' Ball",2017
22,"Vampire Academy",2014
23,"To the Bone",2017
24,"IO",2019
25,"Polar",2019
26,"Isn't It Romantic",2019
27,"Walk. Ride. Rodeo.",2019
28,"Chips",2017
29,"Before I Fall",2017
30,"Friends with Benefits",2011
31,"The House Bunny",2008
32,"Walk of Shame",2014
33,"Unicorn Store",2019
34,"The Silence",2019
35,"Naked",2017
36,"When We First Met",2018
37,"Mr. Right",2015
38,"The Perfect Date",2019
39,"Baby Driver",2017
40,"Every Day",2018
41,"The Greatest Showman",2017
42,"A Star Is Born",2018
43,"Someone Great",2019
44,"The Package",2018
45,"The Incredible Jessica James",2017
46,"The Fundamentals Of Caring",2016
47,"Lady-Like",2018
48,"Spiderman Home coming",2017
49,"The Amazing Spiderman",2012
50,"Night School",2018
51,"Kick-Ass",2010
52,"Nick and Norah's infinite playlist",2008
53,"Up In The Air",2009
54,"Pride and Prejudice and Zombies",2016
55,"Naomi and Ely's No Kiss List",2015
56,"Josie",2018
57,"aboutTime",2013
58,"Now Is Good",2012
59,"Dumplin'",2018
60,"The Last Summer",2019
61,"Rough Night",2017
62,"The Roommate",2011
63,"Gone Girl",2014
64,"Identity Thief",2013
65,"Good Sam",2019
66,"Beauty and the Beast",2017
67,"Shazam!",2019
68,"Malibu Rescue",2019
69,"Zombieland",2009
70,"World War Z",2013
71,"Rim Of The World",2019
72,"Oh, Ramona!",2019
73,"The Perfection",2018
74,"What to Expect When You're Expecting",2012
75,"Pitch Perfect 3",2017
76,"Always Be My Maybe",2019
77,"See You Yesterday",2019
78,"Fifty Shades of Black",2016
79,"Mary Poppins Returns",2018
80,"I Am Mother",2019
81,"The Girl with All the Gifts",2016
82,"Annabelle: Creation",2017
83,"Day of the Dead: bloodline",2018
84,"30 Minutes or Less",2011
85,"The Longest Ride",2015
86,"Murder Mystery",2019
87,"Undercover Grandpa",2016
88,"Bruno & Boots: This Can't Be Happening At Macdonald Hall",2017
89,"Pray for Rain",2017
90,"American Ultra",2015
91,"Bruno & Boots: Go Jump in the Pool",2016
92,"Handsome: A Netflix Mystery Movie",2017
93,"The Clapper",2017
94,"Cop Out",2010
95,"Booty Call",1997
96,"He Never Died",2015
97,"Knock Knock",2015
98,"The Experiment",2010
99,"Pay the Ghost",2015
100,"Swiped",2018
101,"SHAFT",2019
102,"S.W.A.T",2003
103,"Wanted",2008
104,"Eagle Eye",2008
105,"Just Go With It",2011
106,"Tumbledown",2015
107,"Easy A",2010
108,"New York Minute",2004
109,"Point Blank",2019
110,"Annabelle Hooper and the Ghosts of Nantucket",2016
111,"Secret Obsession",2019
112,"Dog Days",2018
113,"That's My Boy",2012
114,"Heartthrob",2017
115,"Dark Shadows",2012
116,"Knocked Up(2007",---ERROR---
117,"This Is 40",2012
118,"Gridlocked",2015
119,"Olympus Has Fallen",2013
120,"Looking Glass",2018
121,"Welcome Home",2018
122,"Skiptrace",2016
123,"Replicas",2018
124,"Bad Teacher",2011
125,"Terminal",2018
126,"Waitress",2007
127,"Otherhood",2019
128,"Avengers: Endgame",2019
129,"A Wrinkle in Time",2018
130,"Flatliners",2017
131,"The Losers",2010
132,"Ibiza",2018
133,"Game Over, Man!",2018
134,"Sextuplets",2019
135,"It's Kind of a Funny Story",2010
136,"The Other Guys",2010
137,"My Perfect Romance",2018
138,"Pok√©mon Detective Pikachu",2019
139,"Descendants 3",2019
140,"Like Father",2018
141,"The Giver",2014
142,"Destination Wedding",2018
143,"Tall Girl",2019
144,"Time Freak",2018
145,"Carrie Pilby",2016
146,"Sanghai Fortress",2019
147,"Proud Mary",2018
148,"Results",2015
149,"Blame",2017
150,"Justice League",2017
151,"We're The Millers",2013
152,"Miss Bala",2019
153,"In The Shadow Of The Moon",2019
154,"Jumanji, Welcome to the Jungle",2017
155,"Georgia Rule",2007
156,"Warning Shot",2018
157,"Power Rangers",2017
158,"Pottersville",2017
159,"Self/Less",2015
160,"Into the Forest",2015
161,"The Road",2009
162,"Labor Pains",2009
163,"Gods of Egypt",2016
164,"Rumor has it...",2005
165,"Kick-Ass 2",2013
166,"Definitely, Maybe",2008
167,"Life Happens",2011
168,"Bad Moms",2016
169,"Couples Retreat",2009
170,"Eighth Grade",2018
171,"Holiday in the Wild",2019
172,"Jonah Hex",2010
173,"Jawbreaker",1999
174,"Let It Snow",2019
175,"Christmas with a View",2018
176,"Christmas Wedding Planner",2017
177,"A Dogwalker's Christmas Tale",2015
178,"Sleepless in Seattle",1993
179,"Did You Hear About The Morgans?",2009
180,"Anna and the Apocalypse",2017
181,"The Knight Before Christmas",2019
182,"Forgetting Sarah Marshall",2008
183,"Holiday Rush",2019
184,"Killers",2010
185,"A Christmas Prince",2017
186,"A Christmas Prince: The Royal Wedding",2018
187,"A Christmas Prince: The Royal Baby",2019
188,"Baby Mama",2008
189,"In Good Company",2004
190,"Charlie st.Cloud",2010
191,"The Change-up",2011
192,"Then Came You",2019
193,"A Quiet Place",2018
194,"Hunter Killer",2018
195,"What a Girl Wants",2003
196,"Two Weeks Notice",2002
197,"Honey",2003
198,"Dilemma",2011
199,"Warcraft",2016
200,"Molly's Game",2017
201,"Geostorm",2017
202,"The Intern",2015
203,"Love Jacked",2018
204,"Ready Player One",2018
205,"The Bounty Hunter",2010
206,"Horse Girl",2020
207,"After",2019
208,"I Feel Pretty",2018
209,"Brightburn",2019
210,"Trainwreck",2015
211,"Escape Room",2019
212,"All The Bright Places",2020
213,"MIB International",2019
214,"Spider-man Far From Home",2019
215,"Peter Rabbit",2018
216,"Game Night",2018
217,"The Tourist",2010
218,"Spenser confidential",2020
219,"The Green Hornet",2011
220,"Richard Says Goodbye",2018
221,"A Bad Moms Christmas",2017
222,"Rampage",2018
223,"Life of the Party",2018
224,"Mission Impossible Fallout",2018
225,"John Wick 3",2019
226,"Death at a Funeral",2010
227,"Child's Play",2019
228,"Death Note",2017
229,"The Purge",2013
230,"The Darkness",2016
231,"Angel has fallen",2019
232,"The Foreigner",2017
233,"Hancock",2008
234,"The Single Moms Club",2014
235,"Uncorked",2020
236,"Focus",2015
237,"Overcomer",2019
238,"Coffee & Kareem",2020
239,"2:22",2017
240,"Vacation",2015
241,"Bullet to the Head",2012
242,"Wedding Daze",2006
243,"Code 8",2019
244,"Love Wedding Repeat",2020
245,"Central Intelligence",2016
246,"Hitch",2005
247,"Accepted",2006
248,"The Main Event",2020
249,"Extraction",2020
250,"Late Night",2019
251,"Blended",2014
252,"The Half of It",2020
253,"Dance with Me",1998
254,"A-X-L",2018
255,"Carrie Pilby",2016
256,"Sisters",2015
257,"The Wrong Missy",2020
258,"SlaughterHouse rulez",2018
259,"Mother's Day",2016
260,"Bad Teacher",2011
261,"Crazy Rich Asians",2018
262,"The Lovebirds",2020
263,"The Adjustment Bureau",2011
264,"Special Correspondents",2016
265,"Wine Country",2019
266,"Rambo: Last Blood",2019
267,"Welcome Home Roscoe Jenkins",2008
268,"She's out of my league",2010
269,"The Glass House",2001
270,"Mean Girls",2004
271,"Wildling",2018
272,"Transformers: Age Of Extinction",2014
273,"Dead Silence",2007
274,"The Tuxedo",2002
275,"Take Me",2017
276,"The Meg",2018
277,"Feel the Beat",2020
278,"Shall We Dance",2004
279,"La La Land",2016
280,"Desperados",2020
281,"The Fuck-It List",2020
282,"MacGruber",2010
283,"Only",2019
284,"Seriously Single",2020
285,"WorkIt",2020
286,"Project Power",2020
287,"Timetrap",2017
288,"The Courier",2019
289,"Where's the Money",2017
290,"The Invention of Lying",2009
291,"The Sleep Over",2020
292,"All Together Now",2020
293,"13 Going on 30",2004
294,"Freaks, you're one of us",2020
295,"Love, guaranteed",2020
296,"The Babysitter, killer queen",2020
297,"The To Do List",2013
298,"Life as we Know It",2010
299,"The Devil All the Time",2020
300,"Primal",2019
301,"A million ways to die in the west",2014
302,"Stardust",2007
303,"Jumanji: The Next Level",2019
304,"Charlie's Angels",2019
305,"Black and Blue",2019
306,"Hubie Halloween",2020
307,"Holidate",2020
308,"Christmas made to order",2018
309,"Christmas Wonderland",2018
310,"Operation Christmas Drop",2020
311,"Bloodshot",2020
312,"Jingle Jangle: A Christmas Journey",2020
313,"My Christmas Inn",2018
314,"Almost Christmas",2016
315,"The Princess Switch: Switched Again",2020
316,"I'll Be Home for Christmas",2016
317,"Instant Family",2018
318,"Midnight at the Magnolia",2020
319,"Nobody's Fool",2018
320,"The Christmas Chronicles 2",2020
321,"The Best Man Holiday",2013
322,"Law Abiding Citizen",2009
323,"Christmas Broadcasting",2016
324,"A California Christmas",2020
325,"Barefoot",2014
326,"We Can Be Heroes",2020
327,"The Midnight Sky",2020
328,"Full Out",2015
329,"Full Out 2: You Got This!",2020
330,"The Wolf Of Snow Hollow",2020
331,"Sparks",2013
332,"Outside The Wire",2021
333,"Sightless",2020
334,"Unlocked",2017
335,"Line Of Duty",2019
336,"I Still Believe",2020
337,"Finding Ohana",2021
338,"Namaste Wahala",2021
339,"Space Sweepers",2021
340,"Moxie!",2021
341,"Yes Day",2021
342,"Men, Women and Children",2014
343,"KIN",2018
344,"A Week Away",2021
345,"The Secret: Dare To Dream",2020
346,"Thunder force",2021
347,"Love & Monsters",2021
348,"What Men Want",2019
349,"Broken Hearts Gallery",2020
350,"Booksmart",2019
351,"Furry Vengeance",2010
352,"Stowaway",2021
353,"Nancy Drew and the hidden staircase",2019
354,"Batman v. Superman: Dawn of Justice",2016
355,"Diary of a Mad Black Woman",2005
356,"Assault on Precinct 13",2005
357,"Army of the Dead",2021
358,"Arena",2011
359,"Destruction: Los Angeles",2017
360,"Girls Trip",2017
361,"RED",2010
362,"RED2",2013
363,"The Kid Detective",2020
364,"The Ninth Gate",1999
365,"The Bronze",2015
366,"Crash Pad",2017
367,"Burlesque",2010
368,"Anastasia",2019
369,"DragonHeart3: The Sorcerer's Curse",2015
370,"Charlie's Angels: Full Throttle",2003
371,"Joker",2019
372,"Liar Liar",1997
373,"The Client List",2010
374,"The Little Hours",2017
375,"Happiest Season",2020
376,"Deidra & Laney rob a train",2017
377,"Charlie's Angels",2000
378,"The Book of Henry",2017
379,"Happy Death Day",2017
380,"Awake",2021
381,"Blumhouse's Fantasy Island",2020
382,"Good On Paper",2021
383,"Skylin3s",2020
384,"Erin Brockovich",2000
385,"Major Grom: Plague Doctor",2021
386,"Fired Up",2009
387,"The Final Girl",2015
388,"Fighting with my Family",2019
389,"Disturbia",2007
390,"Resort to Love",2021
391,"The Spy who dumped Me",2018
392,"Ingrid Goes West",2017
393,"Failure to Launch",2006
394,"Killer Under the Bed",2018
395,"Monster Hunter",2020
396,"Jurassic World: Fallen Kingdom",2018
397,"The Core",2003
398,"The Girl Next Door",2004
399,"Bride Wars",2009
400,"Sweet Girl",2021
401,"Tomb Raider",2018
402,"He's All That",2021
403,"Afterlife of the party",2021
404,"Men in Black: International",2019
405,"The Jane Austen book club",2007
406,"SAS: Rise of the Black Swan",2021
407,"The Craft legacy",2020
408,"School of the Damned",2019
409,"Girl in Progress",2012
410,"Skyscraper",2018
411,"Kate",2021
412,"The Blind Side",2009
413,"Hot Pursuit",2015
414,"What Happens in Vegas",2008
415,"Only Mine",2019
416,"Knight and Day",2010
417,"Lovehard",2021
418,"The Holiday",2006
419,"Red Notice",2021
420,"tick, tick ... BOOM!",2021
421,"A Castle for Christmas",2021
422,"Hello, my name is Doris.",2015
423,"A Cinderella Story: Christmas Wish",2019
424,"A Boy Called Christmas",2021
425,"Lady Bird",2017
426,"A California Christmas: City Lights",2021
427,"The Unforgivable",2021
428,"Mr. & Mrs. Smith",2005
429,"Single All The Way",2021
430,"First Daughter",2004
431,"Two Weeks Notice",2002
432,"A Gift for Christmas",2017
433,"Army of Thieves",2021
434,"Blockers",2018
435,"Father Christmas Is Back",2021
436,"R.I.P.D",2013
437,"The Lost Daughter",2021
438,"Ted",2012
439,"something new",2006
440,"Ride Along 2",2016
441,"Ted 2",2015
442,"Playing with Fire(2019",---ERROR---
443,"The Prince & Me",2004
444,"Spider-Man",2002
445,"Spider-Man 2",2004
446,"Venom",2018
447,"Dangerous",2021
448,"Brazen",2022
449,"Upgrade",2018
450,"The Royal Treatment",2022
451,"The Crazies",2010
452,"Timeless Love",2019
453,"The Matchbreaker",2016
454,"Beauty in the Broken",2015
455,"Outsourced",2006
456,"Not Since You",2010
457,"Home Team",2022
458,"A Christmas Snow",2010
459,"Wonder",2017
460,"12 Gifts of Christmas",2015
461,"Teenage Mutant Ninja Turtles: Out of the Shadows",2016
462,"I, Frankenstein",2014
463,"How to be a Latin Lover",2017
464,"Fistful of Vengeance",2022
465,"Truth or Dare",2018
466,"The Adam Project",2022
467,"The Hitman's Wife's Bodyguard",2021
468,"Rescued by Ruby",2022
469,"Crush",2022
470,"Like a Boss",2020
471,"One Shot",2021
472,"The In Between",2022
473,"Sonic the Hedgehog",2020
474,"Choose or Die",2022
475,"The Contractor",2007
476,"A Kid in King Arthur's Court",1995
477,"The Vow",2012
478,"I See You",2019
479,"Overboard",2018
480,"Eye See You",2002
481,"Along for the Ride",2022
482,"Metal Lords",2022
483,"Midnight Sun",2018
484,"A Perfect Pairing",2022
485,"Mandy",2018
486,"Austenland",2013
487,"Body Cam",2020
488,"Interceptor",2022
489,"The Unholy",2021
490,"Things Heard and Seen",2021
491,"Case 39",2009
492,"Imagine That",2009
493,"Venom: Let There Be Carnage",2021
494,"Long Shot",2019
495,"Spiderhead",2022
496,"Ghostbusters: Answer the call",2016
497,"Matilda",1996
498,"Rip Tide",2017
499,"Love & Gelato",2022
500,"Jersey Girl",2004
501,"Lara Croft Tomb Raider: The Cradle of Life",2003
502,"S.W.A.T. firefight",2011
503,"The Amazing Spider-Man 2",2014
504,"Hello, Goodbye and Everything in Between",2022
505,"Ghostbusters: Afterlife",2021
506,"Love Song",2020
507,"Persuasion",2022
508,"The Gray Man",2022
509,"He's Just Not That Into You",2009
510,"Purple Hearts",2022
511,"Mortal Engines",2018
512,"Carter",2022
513,"Wedding Season",2022
514,"Day Shift",2022
515,"Spider-Man: No Way Home",2021
516,"Look Both Ways",2022
517,"Me Time",2022
518,"MA",2019
519,"Love in the Villa",2022
520,"Anna",2019
521,"I Used To Be Famous",2022
522,"The Dead Don't Die",2019
523,"Do Revenge",2022
524,"The School For Good And Evil",2022
525,"The Curse Of Bridge Hollow",2022
526,"That's Amor",2022
527,"Falling for Christmas",2022
528,"Enola Holmes",2022
529,"Lou",2022
530,"Morbius",2022
531,"Christmas Without You",2022
532,"In My Dreams",2014
533,"The Noel Diary",2022
534,"Slumberland",2022
535,"Spontaneous",2020
536,"A Kindhearted Christmas",2021
537,"Angel Falls Christmas",2021
538,"A Christmas Miracle for Daisy",2021
539,"Boss Baby: kerstbonus",2022
540,"Hot Seat",2022
541,"I Believe In Santa",2022
542,"Good Luck Chuck",2007
543,"Lakeview Terrace",2008
544,"Troll",2022
545,"Glass Onion: A Knives Out Mystery",2022
546,"Luckiest Girl Alive",2022
547,"Uncharted",2022
548,"The Pledge",2001
549,"Where the Crawdads Sing",2022
550,"Your Place or Mine",2023
551,"Blackhat",2015
552,"We Have a Ghost",2023
553,"Fall",2022
554,"Luther: The Fallen Sun",2023
555,"Don't Let Go",2019
556,"Kill Boksoon",2023
557,"Chupa",2023
558,"Gothika",2003
559,"Goosebumps",2015
560,"The Invitation",2022
561,"a Tourist's Guide to Love",2023
562,"AKA",2023
563,"Royalteen: Prinsesse Margrethe",2023
564,"The Substitute",1996
565,"The Mother",2023
566,"Blue Steel",1990
567,"20th Century Girl",2022
568,"Extraction 2",2023
569,"The Perfect Find",2023
570,"Romance in Style",2022
571,"Love and Leashes",2022
572,"Sweet & Sour",2021
573,"Hidden Strike",2023
574,"Dream",2023
575,"Heart of Stone",2023
576,"Be Somebody",2016
577,"A Quiet Place Part II",2020
578,"Tune in for Love",2019
579,"Bird Box: Barcelona",2023
580,"Fullmetal Alchemist",2017
581,"Choose Love",2023
582,"Double World",2020
583,"The Voilence Action",2022
584,"Love at First Sight",2023
585,"Ballerina",2023
586,"Love is in the Air",2023
587,"Monster High: The Movie",2022
588,"65",2023
589,"Kingdom: Ashin of the North",2021
590,"Warriors of Future",2022
591,"Best. Christmas. Ever!",2023
592,"Family Switch",2023
593,"Catering Christmas",2022
594,"I'm Glad It's Christmas",2022
595,"A Brush with Christmas",2022
596,"Leave the World Behind",2023
597,"Pan-dola",2016
598,"B&B Merry",2022
599,"Snake Eyes: G.I. Joe Origins",2021
600,"Fall into Winter",2023
601,"Rebel Moon: Part One - A Child of Fire",2023
602,"Close",2019
603,"The 5th Wave",2016
604,"Colors of Love",2021
605,"The Proposal",2009
606,"Psychokinesis",2018
607,"The Pirates: The Last Royal Treasure",2022
608,"The Lost City",2022
609,"No Hard Feelings",2023
610,"Badland Hunters",2024
611,"JUNG_E",2023
612,"Players",2024
613,"Beyond Skyline",2017
614,"The Silencing",2020
615,"Code 8: Part II",2024
616,"Damsel",2024
617,"Happiness For Beginners",2023
618,"Irish Wish",2024
619,"Knights of the Zodiac",2023
620,"One True Loves",2023
621,"Big Sky River",2022
622,"Love Again",2023
623,"Woody Woodpecker Goes to Camp",2024
624,"City Hunter",2024
625,"Mother of the Bride",2024
626,"The Man from Earth",2007
627,"Mercy",2023
628,"Lift",2024
629,"SAFE",2012
630,"Infinite",2021
631,"The Fable",2019
632,"Golden Kamuy",2024
633,"The Fable: The Killer Who Doesn't Kill",2021
